GEOID,NAME,tot_popE,hispanicE,nh_whiteE,nh_blackE,nh_aianE,nh_asianE,nh_pacislanderE,non_citizenE,hispanicE_share,nh_whiteE_share,nh_blackE_share,nh_aianE_share,nh_asianE_share,nh_pacislanderE_share,non_citizenE_share,over55,disability_est,mhi,ZCTA5CE20
19140,ZCTA5 19140,51766,21360,1629,27267,13,688,8,2262,0.412626047985164,0.03146853146853147,0.5267356952439826,2.5113008538422905e-4,0.013290576826488428,1.545415910056794e-4,0.04369663485685585,13343,12381,22790,19140
17509,ZCTA5 17509,4822,39,4619,73,0,24,0,26,0.008087930319369557,0.957901285773538,0.015138946495230196,0,0.004977187888842804,0,0.005391953546246371,1147,400,68788,17509
19333,ZCTA5 19333,6911,247,5238,248,0,1135,0,806,0.035740124439299664,0.757922153089278,0.035884821299377805,0,0.1642309361886847,0,0.11662566922297786,2037,375,109111,19333
19333,ZCTA5 19333,6911,247,5238,248,0,1135,0,806,0.035740124439299664,0.757922153089278,0.035884821299377805,0,0.1642309361886847,0,0.11662566922297786,2037,375,109111,19333
19341,ZCTA5 19341,17572,893,12925,801,0,2805,0,1808,0.05081948554518552,0.735545185522422,0.04558388345094468,0,0.1596289551559299,0,0.1028909628955156,5208,1833,103203,19341
19344,ZCTA5 19344,11988,182,11359,325,0,79,0,94,0.015181848515181848,0.9475308641975309,0.027110443777110443,0,0.006589923256589923,0,0.007841174507841175,4065,1679,66009,19344
19350,ZCTA5 19350,11424,607,10014,162,0,387,0,277,0.05313375350140056,0.8765756302521008,0.014180672268907563,0,0.033876050420168065,0,0.02424719887955182,4049,905,139049,19350
19403,ZCTA5 19403,46592,2645,34304,4109,21,4728,9,3264,0.05676940247252747,0.7362637362637363,0.08819110576923077,4.5072115384615387e-4,0.10147664835164835,1.9316620879120878e-4,0.07005494505494506,15077,4640,86787,19403
19435,ZCTA5 19435,175,0,175,0,0,0,0,0,0,1,0,0,0,0,0,8,31,131331,19435
19457,ZCTA5 19457,87,0,68,0,0,19,0,0,0,0.7816091954022989,0,0,0.21839080459770116,0,0,45,45,NA,19457
19137,ZCTA5 19137,8347,821,7118,304,5,33,0,68,0.09835869174553732,0.8527614711872529,0.03642027075596022,5.990176111177668e-4,0.003953516233377261,0,0.008146639511201629,2346,1626,53255,19137
19046,ZCTA5 19046,17660,865,14919,977,0,555,0,212,0.04898074745186863,0.8447904869762174,0.05532276330690827,0,0.03142695356738392,0,0.012004530011325029,6796,2355,103212,19046
19063,ZCTA5 19063,35764,670,30838,1571,63,1880,0,869,0.018733922380046973,0.862263728889386,0.04392685381948328,0.001761547925287999,0.052566826976848224,0,0.02429817693770272,14444,3809,101599,19063
19075,ZCTA5 19075,7632,428,6244,502,0,213,0,66,0.05607966457023061,0.8181341719077568,0.06577568134171907,0,0.02790880503144654,0,0.008647798742138365,2100,617,104928,19075
19076,ZCTA5 19076,6555,48,5898,390,0,46,0,99,0.007322654462242563,0.8997711670480549,0.059496567505720827,0,0.007017543859649123,0,0.015102974828375287,1554,832,60694,19076
19015,ZCTA5 19015,16809,497,10982,4552,25,199,0,280,0.029567493604616576,0.6533404723659945,0.2708073056100898,0.0014872984710571717,0.011838895829615087,0,0.016657742875840324,5168,2177,63815,19015
19038,ZCTA5 19038,31415,1338,24099,4231,7,974,0,790,0.042591118892248925,0.7671176189718287,0.13468088492758237,2.2282349196243832e-4,0.03100429731020213,0,0.025147222664332326,9899,3365,97415,19038
19038,ZCTA5 19038,31415,1338,24099,4231,7,974,0,790,0.042591118892248925,0.7671176189718287,0.13468088492758237,2.2282349196243832e-4,0.03100429731020213,0,0.025147222664332326,9899,3365,97415,19038
19136,ZCTA5 19136,34741,6118,20938,5329,0,1306,0,1324,0.1761031634092283,0.6026884660775452,0.15339224547364785,0,0.037592469992228206,0,0.038110589793039926,8796,4887,51101,19136
19081,ZCTA5 19081,9923,221,8577,405,57,395,0,283,0.02227149047667036,0.8643555376398266,0.04081426987806107,0.005744230575430817,0.03980651012798549,0,0.02851960092713897,2914,989,93986,19081
19086,ZCTA5 19086,11746,281,9511,345,73,1133,0,496,0.02392303762983143,0.8097224587093479,0.02937170100459731,0.006214881661842329,0.09645836880640218,0,0.04222714115443555,3935,1393,118320,19086
19106,ZCTA5 19106,12592,720,9857,1004,27,695,10,708,0.05717916137229987,0.7827986022871665,0.07973316391359593,0.0021442185514612454,0.05519377382465057,7.941550190597204e-4,0.05622617534942821,3813,1117,107388,19106
19141,ZCTA5 19141,34701,1711,1441,28572,21,2176,0,2009,0.04930693639952739,0.041526180801706,0.8233768479294545,6.051698798305524e-4,0.06270712659577533,0,0.05789458517045618,9181,6252,32388,19141
19145,ZCTA5 19145,46052,3663,21584,13543,340,6343,0,3660,0.07954051941283766,0.4686875705723964,0.29408060453400503,0.007382958394857987,0.13773560323113002,0,0.0794753756622948,13238,7608,46540,19145
19367,ZCTA5 19367,76,60,16,0,0,0,0,7,0.7894736842105263,0.21052631578947367,0,0,0,0,0.09210526315789473,8,8,NA,19367
19374,ZCTA5 19374,1086,666,400,20,0,0,0,416,0.6132596685082873,0.3683241252302026,0.01841620626151013,0,0,0,0.3830570902394107,366,80,66250,19374
19437,ZCTA5 19437,1122,0,1054,0,0,33,0,19,0,0.9393939393939394,0,0,0.029411764705882353,0,0.01693404634581105,373,17,175278,19437
19444,ZCTA5 19444,10890,303,9705,309,24,449,0,216,0.027823691460055096,0.8911845730027548,0.02837465564738292,0.0022038567493112946,0.04123048668503214,0,0.019834710743801654,4059,918,119189,19444
19446,ZCTA5 19446,56720,2571,42208,3117,90,7623,0,3727,0.045327926657263755,0.7441466854724965,0.05495416078984485,0.0015867418899858955,0.13439703808180536,0,0.06570874471086037,19877,5853,87158,19446
19453,ZCTA5 19453,1732,19,1642,0,0,71,0,14,0.010969976905311778,0.9480369515011547,0,0,0.040993071593533485,0,0.008083140877598153,662,294,61865,19453
19453,ZCTA5 19453,1732,19,1642,0,0,71,0,14,0.010969976905311778,0.9480369515011547,0,0,0.040993071593533485,0,0.008083140877598153,662,294,61865,19453
19465,ZCTA5 19465,17473,641,15651,402,11,486,0,334,0.03668517140731414,0.8957248325988668,0.023006924969953643,6.29542723058433e-4,0.027814342127854403,0,0.019115206318319693,5342,1759,89953,19465
19465,ZCTA5 19465,17473,641,15651,402,11,486,0,334,0.03668517140731414,0.8957248325988668,0.023006924969953643,6.29542723058433e-4,0.027814342127854403,0,0.019115206318319693,5342,1759,89953,19465
19454,ZCTA5 19454,28977,592,21203,1453,0,5134,20,1426,0.02042999620388584,0.7317182593091073,0.050143217034199536,0,0.17717500086275323,6.902025744556028e-4,0.049211443558684474,9465,2676,95128,19454
19462,ZCTA5 19462,15811,713,12218,1162,0,1320,0,487,0.04509518689519954,0.7727531465435457,0.07349313768895073,0,0.0834861805072418,0,0.03080134083865663,5080,1487,97635,19462
19464,ZCTA5 19464,46904,2244,34332,7378,11,768,0,653,0.04784240150093809,0.7319631587924271,0.15730001705611463,2.3452157598499062e-4,0.016373870032406618,0,0.013922053556199897,13022,6490,62956,19464
19464,ZCTA5 19464,46904,2244,34332,7378,11,768,0,653,0.04784240150093809,0.7319631587924271,0.15730001705611463,2.3452157598499062e-4,0.016373870032406618,0,0.013922053556199897,13022,6490,62956,19464
19002,ZCTA5 19002,32241,1413,25491,1567,10,2846,0,1121,0.04382618405136317,0.7906392481622778,0.048602710834031206,3.101640767966254e-4,0.08827269625631959,0,0.03476939300890171,11126,2524,110041,19002
19147,ZCTA5 19147,38472,3366,26260,3211,30,4565,0,2387,0.08749220212102309,0.6825743397795799,0.08346329798294864,7.797878976918279e-4,0.11865772509877313,0,0.062045123726346435,8099,3528,81519,19147
18915,ZCTA5 18915,784,0,608,0,0,129,0,130,0,0.7755102040816326,0,0,0.16454081632653061,0,0.16581632653061223,256,186,104444,18915
18960,ZCTA5 18960,11898,402,10875,122,26,223,0,291,0.033787191124558746,0.9140191628845185,0.01025382417212977,0.0021852412170112624,0.018742645822827367,0,0.024457892082702975,4289,1092,77472,18960
18966,ZCTA5 18966,37739,859,35074,479,68,959,0,700,0.022761599406449562,0.9293833964863933,0.012692440181244866,0.0018018495455629454,0.02541137814992448,0,0.01854845120432444,14220,3616,99067,18966
17527,ZCTA5 17527,6134,230,5674,84,0,19,0,50,0.03749592435604825,0.9250081512879035,0.013694163677861103,0,0.0030974894033257254,0,0.008151287903488751,1604,603,82083,17527
17536,ZCTA5 17536,2987,0,2987,0,0,0,0,6,0,1,0,0,0,0,0.002008704385671242,832,272,76579,17536
17555,ZCTA5 17555,7547,93,7385,45,0,14,0,7,0.012322777262488406,0.9785345170266331,0.005962634159268583,0,0.001855041738439115,0,9.275208692195575e-4,1923,663,79191,17555
17563,ZCTA5 17563,4094,235,3827,24,8,0,0,66,0.05740107474352711,0.9347826086956522,0.005862237420615535,0.0019540791402051783,0,0,0.01612115290669272,1075,535,66087,17563
19118,ZCTA5 19118,10884,688,7315,2006,0,530,0,468,0.06321205439176773,0.6720874678427049,0.18430723998529952,0,0.048695332598309445,0,0.04299889746416759,3853,981,89422,19118
19118,ZCTA5 19118,10884,688,7315,2006,0,530,0,468,0.06321205439176773,0.6720874678427049,0.18430723998529952,0,0.048695332598309445,0,0.04299889746416759,3853,981,89422,19118
19121,ZCTA5 19121,32385,2213,4614,23435,77,1352,69,855,0.06833410529566157,0.14247336729967577,0.7236374864906593,0.0023776439709742164,0.041747722711131696,0.002130616025937934,0.026401111625752663,7220,6314,21201,19121
19128,ZCTA5 19128,37644,1532,28485,5105,67,1147,0,1269,0.040697056635851665,0.7566942939113803,0.13561258102220805,0.001779832111359048,0.03046966316013176,0,0.033710551482307935,10205,4529,74564,19128
19128,ZCTA5 19128,37644,1532,28485,5105,67,1147,0,1269,0.040697056635851665,0.7566942939113803,0.13561258102220805,0.001779832111359048,0.03046966316013176,0,0.033710551482307935,10205,4529,74564,19128
19131,ZCTA5 19131,44723,1612,4821,35755,157,1548,29,2343,0.03604409364309192,0.10779688303557454,0.7994767792858261,0.0035104979540728485,0.03461306262996668,6.484359278223732e-4,0.05238915099613174,13016,8703,37345,19131
19131,ZCTA5 19131,44723,1612,4821,35755,157,1548,29,2343,0.03604409364309192,0.10779688303557454,0.7994767792858261,0.0035104979540728485,0.03461306262996668,6.484359278223732e-4,0.05238915099613174,13016,8703,37345,19131
19135,ZCTA5 19135,35427,8746,16565,6931,0,2126,0,1868,0.24687385327575012,0.46758122336071356,0.19564174217404803,0,0.06001072628221413,0,0.05272814519998871,7450,5849,45589,19135
19316,ZCTA5 19316,238,0,238,0,0,0,0,0,0,1,0,0,0,0,0,108,40,74531,19316
19319,ZCTA5 19319,655,19,512,118,0,0,0,2,0.02900763358778626,0.7816793893129771,0.1801526717557252,0,0,0,0.0030534351145038168,179,54,244097,19319
19319,ZCTA5 19319,655,19,512,118,0,0,0,2,0.02900763358778626,0.7816793893129771,0.1801526717557252,0,0,0,0.0030534351145038168,179,54,244097,19319
19352,ZCTA5 19352,11109,929,8516,1338,0,175,0,294,0.0836258889188946,0.766585651273742,0.12044288414798812,0,0.01575299306868305,0,0.026465028355387523,2308,560,123232,19352
19363,ZCTA5 19363,17274,2927,13187,621,40,115,0,1159,0.1694454092856316,0.7634016440893829,0.03594998263285863,0.002315618849137432,0.0066574041912701165,0,0.06709505615375709,4347,1565,80666,19363
19401,ZCTA5 19401,41897,9812,15083,13452,24,1634,51,4762,0.2341933790008831,0.3600019094445903,0.3210731078597513,5.728333770914385e-4,0.03900040575697544,0.001217270926319307,0.11365968923789292,10256,6392,53696,19401
19472,ZCTA5 19472,10,0,10,0,0,0,0,0,0,1,0,0,0,0,0,10,0,NA,19472
19505,ZCTA5 19505,3540,7,3497,23,0,3,0,0,0.0019774011299435027,0.9878531073446327,0.0064971751412429375,0,8.47457627118644e-4,0,0,1472,430,75767,19505
19003,ZCTA5 19003,13427,654,10449,1306,35,415,0,686,0.0487078275117301,0.7782080881805318,0.09726670142250689,0.0026066880166828034,0.030907872197810382,0,0.051091085126982946,3472,936,99923,19003
19003,ZCTA5 19003,13427,654,10449,1306,35,415,0,686,0.0487078275117301,0.7782080881805318,0.09726670142250689,0.0026066880166828034,0.030907872197810382,0,0.051091085126982946,3472,936,99923,19003
19010,ZCTA5 19010,21572,1104,16582,1143,0,1939,7,1757,0.051177452252920454,0.7686816243278324,0.05298535138142036,0,0.08988503615798257,3.2449471537177824e-4,0.08144817355831634,6596,1813,119698,19010
19010,ZCTA5 19010,21572,1104,16582,1143,0,1939,7,1757,0.051177452252920454,0.7686816243278324,0.05298535138142036,0,0.08988503615798257,3.2449471537177824e-4,0.08144817355831634,6596,1813,119698,19010
19012,ZCTA5 19012,6328,499,3147,1906,8,600,0,208,0.07885587863463969,0.4973135271807838,0.30120101137800254,0.0012642225031605564,0.09481668773704172,0,0.03286978508217446,1909,551,100859,19012
19012,ZCTA5 19012,6328,499,3147,1906,8,600,0,208,0.07885587863463969,0.4973135271807838,0.30120101137800254,0.0012642225031605564,0.09481668773704172,0,0.03286978508217446,1909,551,100859,19012
19014,ZCTA5 19014,20900,200,18017,1743,99,515,0,200,0.009569377990430622,0.8620574162679426,0.08339712918660287,0.004736842105263158,0.024641148325358853,0,0.009569377990430622,6463,2392,86973,19014
19033,ZCTA5 19033,8826,623,7716,367,17,18,0,185,0.07058690233401314,0.8742352141400408,0.04158169046000453,0.0019261273510083844,0.0020394289598912306,0,0.020960797643326534,2500,866,82006,19033
19034,ZCTA5 19034,5852,190,5114,146,0,332,0,229,0.032467532467532464,0.8738892686261107,0.024948735475051265,0,0.05673274094326726,0,0.03913192071086808,2219,462,126198,19034
19026,ZCTA5 19026,30573,1266,22159,4575,0,1524,0,1099,0.0414090864488274,0.7247898472508423,0.14964184083995682,0,0.04984790501422824,0,0.035946750400680336,8373,3040,72618,19026
19035,ZCTA5 19035,3453,103,3016,26,7,184,0,130,0.029829134086301768,0.8734433825658847,0.007529684332464524,0.002027222704894295,0.05328699681436432,0,0.037648421662322615,1746,366,205764,19035
19035,ZCTA5 19035,3453,103,3016,26,7,184,0,130,0.029829134086301768,0.8734433825658847,0.007529684332464524,0.002027222704894295,0.05328699681436432,0,0.037648421662322615,1746,366,205764,19035
19040,ZCTA5 19040,20901,1272,18143,615,6,356,13,679,0.060858332137218314,0.8680445911678867,0.029424429453136215,2.8706760442084113e-4,0.01703267786230324,6.21979809578489e-4,0.03248648390029185,6650,1979,85931,19040
19053,ZCTA5 19053,26293,790,22799,657,1,1365,67,1613,0.030046019853192864,0.8671129197885369,0.024987639295630016,3.8032936523028945e-5,0.051914958353934504,0.002548206747042939,0.06134712661164569,8209,3129,82087,19053
19053,ZCTA5 19053,26293,790,22799,657,1,1365,67,1613,0.030046019853192864,0.8671129197885369,0.024987639295630016,3.8032936523028945e-5,0.051914958353934504,0.002548206747042939,0.06134712661164569,8209,3129,82087,19053
19064,ZCTA5 19064,24664,342,22672,302,2,908,0,321,0.013866363931235809,0.9192345118391178,0.012244566980214077,8.10898475510866e-5,0.036814790788193316,0,0.0130149205319494,8320,2410,115244,19064
19095,ZCTA5 19095,7070,286,3192,2536,57,616,4,393,0.04045261669024045,0.4514851485148515,0.3586987270155587,0.008062234794908063,0.08712871287128712,5.657708628005657e-4,0.05558698727015559,2669,883,76586,19095
19095,ZCTA5 19095,7070,286,3192,2536,57,616,4,393,0.04045261669024045,0.4514851485148515,0.3586987270155587,0.008062234794908063,0.08712871287128712,5.657708628005657e-4,0.05558698727015559,2669,883,76586,19095
19102,ZCTA5 19102,5147,191,3770,237,0,876,0,438,0.0371089955313775,0.7324655138915873,0.046046240528463185,0,0.17019623081406646,0,0.08509811540703323,1180,357,96953,19102
19113,ZCTA5 19113,96,0,80,0,0,16,0,0,0,0.8333333333333334,0,0,0.16666666666666666,0,0,42,11,NA,19113
19122,ZCTA5 19122,21666,5727,6373,7609,0,1416,0,1084,0.2643312101910828,0.29414751223114555,0.3511954213975815,0,0.06535585710329549,0,0.05003230868642112,3745,3930,37198,19122
19129,ZCTA5 19129,11275,399,6533,3405,15,433,0,334,0.0353880266075388,0.5794235033259424,0.30199556541019956,0.0013303769401330377,0.03840354767184036,0,0.029623059866962308,2580,1140,79034,19129
19129,ZCTA5 19129,11275,399,6533,3405,15,433,0,334,0.0353880266075388,0.5794235033259424,0.30199556541019956,0.0013303769401330377,0.03840354767184036,0,0.029623059866962308,2580,1140,79034,19129
19133,ZCTA5 19133,27102,15809,832,9506,76,254,0,1645,0.5833148845103683,0.030698841413917793,0.35074902221238285,0.0028042210906944138,0.009372002066268172,0,0.06069662755516198,6021,8978,20353,19133
19144,ZCTA5 19144,43884,1735,7014,32960,180,1058,0,1148,0.03953604958527026,0.15983046212742685,0.7510710053778142,0.004101722723543888,0.02410901467505241,0,0.026159876036824355,11858,8599,34075,19144
19301,ZCTA5 19301,6375,180,5081,219,0,739,0,494,0.02823529411764706,0.7970196078431373,0.034352941176470586,0,0.11592156862745098,0,0.07749019607843137,2410,579,90685,19301
19468,ZCTA5 19468,26008,549,22204,1403,0,1133,17,739,0.02110888957243925,0.8537373115964318,0.05394494001845586,0,0.04356351891725623,6.536450322977545e-4,0.02841433405106121,6851,2677,82763,19468
19468,ZCTA5 19468,26008,549,22204,1403,0,1133,17,739,0.02110888957243925,0.8537373115964318,0.05394494001845586,0,0.04356351891725623,6.536450322977545e-4,0.02841433405106121,6851,2677,82763,19468
19473,ZCTA5 19473,16426,636,14814,439,8,231,0,124,0.038719103859734566,0.9018629002800438,0.026725922318275905,4.8703275295263604e-4,0.014063070741507366,0,0.007549007670765859,4640,1404,105226,19473
19474,ZCTA5 19474,488,0,488,0,0,0,0,0,0,1,0,0,0,0,0,272,0,69158,19474
19130,ZCTA5 19130,27093,1186,18121,4646,22,2276,0,1625,0.043775144871368986,0.668844350939357,0.17148340899863435,8.120178643930166e-4,0.08400693906175027,0,0.059978592256302365,6319,2285,84308,19130
19153,ZCTA5 19153,13006,946,1622,9248,23,637,0,834,0.07273566046440104,0.12471167153621406,0.7110564354913117,0.001768414577887129,0.04897739504843918,0,0.06412425034599416,3491,1739,48177,19153
19153,ZCTA5 19153,13006,946,1622,9248,23,637,0,834,0.07273566046440104,0.12471167153621406,0.7110564354913117,0.001768414577887129,0.04897739504843918,0,0.06412425034599416,3491,1739,48177,19153
19154,ZCTA5 19154,35098,2894,27520,3009,97,1092,0,1646,0.08245484073166562,0.7840902615533648,0.0857313807054533,0.0027636902387600435,0.031112883925009972,0,0.046897259103082796,10103,4822,67392,19154
19355,ZCTA5 19355,26778,1236,21131,999,17,2896,0,2088,0.04615729330047053,0.7891179326312645,0.0373067443423706,6.348495033236238e-4,0.10814848009560087,0,0.07797445664351334,8563,2000,124729,19355
19355,ZCTA5 19355,26778,1236,21131,999,17,2896,0,2088,0.04615729330047053,0.7891179326312645,0.0373067443423706,6.348495033236238e-4,0.10814848009560087,0,0.07797445664351334,8563,2000,124729,19355
19362,ZCTA5 19362,5845,713,5014,95,0,8,0,198,0.12198460222412318,0.8578272027373823,0.016253207869974338,0,0.0013686911890504706,0,0.033875106928999144,1937,772,70412,19362
19365,ZCTA5 19365,7431,437,6107,449,54,22,0,233,0.058807697483515005,0.821827479477863,0.06042255416498452,0.0072668550666128385,0.002960570582694119,0,0.03135513389853317,2054,679,76375,19365
19440,ZCTA5 19440,19350,1028,13713,1223,0,2970,0,919,0.0531266149870801,0.7086821705426357,0.06320413436692507,0,0.15348837209302327,0,0.047493540051679585,6087,1571,82881,19440
19152,ZCTA5 19152,36379,4484,18387,6527,3,5475,0,4827,0.12325792352730972,0.5054289562659776,0.17941669644575167,8.246515847054619e-5,0.1504989142087468,0,0.13268643997910884,11922,5351,52321,19152
19138,ZCTA5 19138,32766,636,900,29860,2,74,13,685,0.019410364402124153,0.027467496795458707,0.9113105047915522,6.103888176768602e-5,0.0022584386254043826,3.967527314899591e-4,0.02090581700543246,9888,6495,41105,19138
19138,ZCTA5 19138,32766,636,900,29860,2,74,13,685,0.019410364402124153,0.027467496795458707,0.9113105047915522,6.103888176768602e-5,0.0022584386254043826,3.967527314899591e-4,0.02090581700543246,9888,6495,41105,19138
19139,ZCTA5 19139,46397,1739,2836,39805,216,1155,0,1777,0.03748087160807811,0.06112464167941893,0.8579218483953704,0.004655473414229368,0.02489385089553204,0,0.038299890079099945,11171,9416,30633,19139
19139,ZCTA5 19139,46397,1739,2836,39805,216,1155,0,1777,0.03748087160807811,0.06112464167941893,0.8579218483953704,0.004655473414229368,0.02489385089553204,0,0.038299890079099945,11171,9416,30633,19139
19146,ZCTA5 19146,39282,2482,19048,14597,31,1808,28,1409,0.06318415559289242,0.4849040272898529,0.37159513263072147,7.891655211038134e-4,0.0460261697469579,7.127946642227993e-4,0.035868845781783,8734,5382,69305,19146
19312,ZCTA5 19312,11618,87,9725,219,0,1205,0,675,0.007488380099845068,0.837063177827509,0.018850060251334136,0,0.10371836804957824,0,0.05809950077466001,3817,855,143846,19312
19312,ZCTA5 19312,11618,87,9725,219,0,1205,0,675,0.007488380099845068,0.837063177827509,0.018850060251334136,0,0.10371836804957824,0,0.05809950077466001,3817,855,143846,19312
19335,ZCTA5 19335,48962,2451,40011,1959,62,3631,32,1565,0.05005922960663372,0.8171847555246926,0.040010620481189495,0.001266288141824272,0.07415955230586986,6.535680731996242e-4,0.03196356357991912,13836,3955,112116,19335
19382,ZCTA5 19382,55036,2293,47212,2049,91,2394,0,2031,0.041663638345810015,0.8578385057053565,0.03723017661167236,0.0016534631877316666,0.04349880078494077,0,0.036903117959154005,15812,3988,100207,19382
19382,ZCTA5 19382,55036,2293,47212,2049,91,2394,0,2031,0.041663638345810015,0.8578385057053565,0.03723017661167236,0.0016534631877316666,0.04349880078494077,0,0.036903117959154005,15812,3988,100207,19382
19438,ZCTA5 19438,24780,753,21445,635,0,1655,0,561,0.030387409200968524,0.8654156577885391,0.02562550443906376,0,0.06678773204196933,0,0.022639225181598062,7828,2214,104882,19438
19460,ZCTA5 19460,42063,2147,35057,2080,1,2121,27,1586,0.051042483893207806,0.8334403157169008,0.04944963507120272,2.3773863015001308e-5,0.050424363454817774,6.418943014050353e-4,0.03770534674179207,11478,3637,99318,19460
19460,ZCTA5 19460,42063,2147,35057,2080,1,2121,27,1586,0.051042483893207806,0.8334403157169008,0.04944963507120272,2.3773863015001308e-5,0.050424363454817774,6.418943014050353e-4,0.03770534674179207,11478,3637,99318,19460
19504,ZCTA5 19504,4996,17,4932,13,0,15,0,23,0.0034027221777421937,0.9871897518014412,0.002602081665332266,0,0.00300240192153723,0,0.004603682946357086,1986,502,81356,19504
19512,ZCTA5 19512,17048,520,15778,443,0,105,0,27,0.03050211168465509,0.9255044580009385,0.025985452839042703,0,0.0061590802440168934,0,0.0015837634913186298,6558,2080,73005,19512
19525,ZCTA5 19525,16598,473,15382,245,0,300,14,264,0.02849740932642487,0.9267381612242439,0.014760814555970598,0,0.018074466803229303,8.434751174840342e-4,0.015905530786841787,4301,1358,105282,19525
19112,ZCTA5 19112,0,0,0,0,0,0,0,0,NA,NA,NA,NA,NA,NA,NA,0,0,NA,19112
19124,ZCTA5 19124,70304,29153,9541,26451,280,3528,4,4395,0.4146705735093309,0.13571062812926718,0.3762374829312699,0.003982703686845699,0.050182066454255804,5.689576695493855e-5,0.06251422394173874,13141,15430,33611,19124
19543,ZCTA5 19543,6141,160,5811,35,0,56,0,35,0.026054388536069045,0.9462628236443575,0.005699397492265104,0,0.009119035987624166,0,0.005699397492265104,1644,483,89970,19543
19006,ZCTA5 19006,21899,378,17993,567,13,2633,0,827,0.017261062148956573,0.8216356911274487,0.02589159322343486,5.936344125302525e-4,0.12023380063016575,0,0.03776428147403991,8409,1980,100714,19006
19018,ZCTA5 19018,23445,510,16307,4729,32,1421,0,1549,0.021753039027511197,0.6955427596502453,0.2017061207080401,0.001364896566432075,0.060609938153124335,0,0.06606952441885264,6916,2945,60724,19018
19025,ZCTA5 19025,5861,130,4852,179,0,592,0,172,0.022180515270431668,0.8278450776318035,0.030540863333902064,0,0.10100665415458113,0,0.029346527896263436,2114,646,133514,19025
19043,ZCTA5 19043,2470,11,2396,42,0,21,0,23,0.004453441295546558,0.9700404858299595,0.01700404858299595,0,0.008502024291497975,0,0.00931174089068826,965,640,74732,19043
19061,ZCTA5 19061,20248,626,15798,2796,0,667,0,503,0.03091663374160411,0.7802252074278941,0.1380877123666535,0,0.032941525088897666,0,0.02484195969972343,6306,2800,63596,19061
19066,ZCTA5 19066,5662,166,4999,208,0,230,0,250,0.029318262098198516,0.8829035676439421,0.03673613564111621,0,0.040621688449311195,0,0.04415400918403391,1894,477,218571,19066
19079,ZCTA5 19079,9223,523,1337,7057,11,121,0,434,0.056706060934619974,0.14496367776211644,0.7651523365499295,0.0011926704976688712,0.013119375474357584,0,0.04705627236257183,2445,1560,48250,19079
19079,ZCTA5 19079,9223,523,1337,7057,11,121,0,434,0.056706060934619974,0.14496367776211644,0.7651523365499295,0.0011926704976688712,0.013119375474357584,0,0.04705627236257183,2445,1560,48250,19079
19082,ZCTA5 19082,41741,3014,8392,20012,59,9212,0,7038,0.07220718238662227,0.20104932799885006,0.479432692077334,0.0014134783546153663,0.22069428140197886,0,0.1686111976234398,8772,5024,44483,19082
19082,ZCTA5 19082,41741,3014,8392,20012,59,9212,0,7038,0.07220718238662227,0.20104932799885006,0.479432692077334,0.0014134783546153663,0.22069428140197886,0,0.1686111976234398,8772,5024,44483,19082
19103,ZCTA5 19103,24214,1204,17316,1573,13,2961,28,2345,0.04972330056991823,0.7151234822829768,0.06496241843561576,5.36879491203436e-4,0.12228462872718263,0.0011563558272074006,0.09684480052861981,7629,2344,76103,19103
19104,ZCTA5 19104,53560,3031,17849,22815,208,7633,9,6372,0.056590739357729646,0.333252427184466,0.42597087378640774,0.003883495145631068,0.14251306945481704,1.6803584764749814e-4,0.11896938013442868,7256,5793,26979,19104
19041,ZCTA5 19041,6494,139,5626,157,0,382,0,212,0.02140437326763166,0.8663381582999692,0.024176162611641516,0,0.058823529411764705,0,0.03264551894056052,2768,653,135729,19041
19041,ZCTA5 19041,6494,139,5626,157,0,382,0,212,0.02140437326763166,0.8663381582999692,0.024176162611641516,0,0.058823529411764705,0,0.03264551894056052,2768,653,135729,19041
19114,ZCTA5 19114,31668,3154,23468,3377,12,1125,21,1548,0.09959580649235822,0.7410635341669825,0.10663761525830491,3.7893141341417203e-4,0.03552482000757863,6.63129973474801e-4,0.04888215233042819,10542,4767,60970,19114
19119,ZCTA5 19119,28192,726,9233,16181,0,504,0,337,0.025751986379114643,0.32750425652667425,0.5739571509648127,0,0.017877412031782065,0,0.011953745743473326,9604,3625,64237,19119
19119,ZCTA5 19119,28192,726,9233,16181,0,504,0,337,0.025751986379114643,0.32750425652667425,0.5739571509648127,0,0.017877412031782065,0,0.011953745743473326,9604,3625,64237,19119
19125,ZCTA5 19125,25850,3246,19683,908,0,1464,0,700,0.1255705996131528,0.761431334622824,0.035125725338491294,0,0.05663442940038685,0,0.027079303675048357,4444,3294,72990,19125
19127,ZCTA5 19127,5760,250,4663,544,0,86,0,139,0.043402777777777776,0.8095486111111111,0.09444444444444444,0,0.014930555555555556,0,0.024131944444444445,902,349,75647,19127
19127,ZCTA5 19127,5760,250,4663,544,0,86,0,139,0.043402777777777776,0.8095486111111111,0.09444444444444444,0,0.014930555555555556,0,0.024131944444444445,902,349,75647,19127
19372,ZCTA5 19372,1886,126,847,523,0,343,0,0,0.06680805938494168,0.4490986214209968,0.2773064687168611,0,0.1818663838812301,0,0,605,162,74702,19372
19310,ZCTA5 19310,3072,133,2751,129,0,3,0,56,0.043294270833333336,0.8955078125,0.0419921875,0,9.765625e-4,0,0.018229166666666668,635,252,65000,19310
19311,ZCTA5 19311,8999,2397,5792,470,0,259,0,1412,0.26636292921435717,0.6436270696744083,0.05222802533614846,0,0.028780975663962663,0,0.15690632292476941,2497,802,107955,19311
19358,ZCTA5 19358,820,107,560,129,0,0,0,45,0.13048780487804879,0.6829268292682927,0.1573170731707317,0,0,0,0.054878048780487805,106,100,37031,19358
19390,ZCTA5 19390,14684,3559,10458,353,0,151,0,1355,0.24237265050394988,0.7122037591936802,0.02403977117951512,0,0.010283301552710433,0,0.09227730863524924,4408,1425,80805,19390
19422,ZCTA5 19422,18852,587,14454,1043,0,2464,0,1003,0.031137279864205388,0.7667091024824952,0.05532569488648419,0,0.13070231275196265,0,0.05320390409505623,7038,1605,125561,19422
19426,ZCTA5 19426,40720,1421,31621,3536,32,3336,21,1338,0.034896856581532416,0.7765471512770138,0.0868369351669941,7.858546168958742e-4,0.0819253438113949,5.157170923379174e-4,0.032858546168958745,10895,2395,129159,19426
19096,ZCTA5 19096,13695,434,10455,604,9,1950,0,1031,0.031690397955458194,0.7634173055859803,0.04410368747718145,6.571741511500548e-4,0.14238773274917854,0,0.07528294998174516,5279,1069,132219,19096
19096,ZCTA5 19096,13695,434,10455,604,9,1950,0,1031,0.031690397955458194,0.7634173055859803,0.04410368747718145,6.571741511500548e-4,0.14238773274917854,0,0.07528294998174516,5279,1069,132219,19096
19096,ZCTA5 19096,13695,434,10455,604,9,1950,0,1031,0.031690397955458194,0.7634173055859803,0.04410368747718145,6.571741511500548e-4,0.14238773274917854,0,0.07528294998174516,5279,1069,132219,19096
19107,ZCTA5 19107,14526,780,7659,1404,94,4049,0,1754,0.053696819496076,0.5272614622057001,0.09665427509293681,0.0064711551700399285,0.27874156684565604,0,0.12074900178989398,2639,1653,57735,19107
19126,ZCTA5 19126,15656,858,993,12650,0,425,4,489,0.05480327031170158,0.06342616249361267,0.8079969340827797,0,0.02714614205416454,2.554931016862545e-4,0.03123403168114461,4936,2483,44006,19126
19126,ZCTA5 19126,15656,858,993,12650,0,425,4,489,0.05480327031170158,0.06342616249361267,0.8079969340827797,0,0.02714614205416454,2.554931016862545e-4,0.03123403168114461,4936,2483,44006,19126
19132,ZCTA5 19132,31378,910,779,28560,50,346,0,812,0.02900121103958187,0.024826311428389317,0.9101918541653388,0.00159347313404296,0.011026834087577283,0,0.025878003696857672,9727,6610,21600,19132
19134,ZCTA5 19134,62087,30428,20877,8867,54,1044,0,1918,0.49008649153607037,0.3362539662087071,0.1428157263195194,8.697472900929341e-4,0.01681511427513006,0,0.03089213522959718,12139,15144,31533,19134
18041,ZCTA5 18041,5252,111,4888,72,17,36,0,13,0.021134805788271135,0.9306930693069307,0.013709063214013708,0.003236862147753237,0.006854531607006854,0,0.0024752475247524753,1504,520,77215,18041
18070,ZCTA5 18070,922,0,922,0,0,0,0,0,0,1,0,0,0,0,0,354,75,87386,18070
18073,ZCTA5 18073,10745,343,9606,423,0,155,0,121,0.031921824104234525,0.8939972080037226,0.039367147510469984,0,0.0144253140995812,0,0.01126105165193113,3315,1066,91460,18073
18976,ZCTA5 18976,20681,1344,17433,349,10,1452,0,685,0.06498718630627145,0.8429476330931773,0.016875392872685073,4.8353561239785313e-4,0.07020937092016827,0,0.03312218944925294,7075,1462,102871,18976
19150,ZCTA5 19150,22299,255,644,20894,24,105,4,570,0.011435490380734561,0.028880218843894346,0.9369926902551684,0.001076281447598547,0.0047087313332436435,1.7938024126642452e-4,0.02556168438046549,8853,4065,47968,19150
19150,ZCTA5 19150,22299,255,644,20894,24,105,4,570,0.011435490380734561,0.028880218843894346,0.9369926902551684,0.001076281447598547,0.0047087313332436435,1.7938024126642452e-4,0.02556168438046549,8853,4065,47968,19150
18076,ZCTA5 18076,2882,82,2587,166,0,0,0,42,0.028452463566967384,0.8976405274115198,0.05759888965995836,0,0,0,0.01457321304649549,1043,368,66538,18076
18092,ZCTA5 18092,3192,117,2992,10,0,34,0,47,0.03665413533834586,0.9373433583959899,0.003132832080200501,0,0.010651629072681704,0,0.014724310776942355,1378,336,93000,18092
19022,ZCTA5 19022,3696,216,2117,1010,0,61,0,52,0.05844155844155844,0.5727813852813853,0.27326839826839827,0,0.016504329004329004,0,0.01406926406926407,827,555,43953,19022
19116,ZCTA5 19116,34747,2025,24045,1658,92,5402,0,5324,0.058278412524822285,0.6920021872391862,0.04771634961291622,0.0026477105937203213,0.1554666589921432,0,0.15322186088007597,12437,5367,57126,19116
19116,ZCTA5 19116,34747,2025,24045,1658,92,5402,0,5324,0.058278412524822285,0.6920021872391862,0.04771634961291622,0.0026477105937203213,0.1554666589921432,0,0.15322186088007597,12437,5367,57126,19116
19020,ZCTA5 19020,54985,5934,35769,4529,53,6949,0,4634,0.10792034191143039,0.6505228698736019,0.08236791852323361,9.638992452487042e-4,0.1263799217968537,0,0.08427753023551877,17700,8289,64046,19020
19115,ZCTA5 19115,35346,2810,23312,3092,16,5287,46,4200,0.07949980195778872,0.6595371470604877,0.08747807389803655,4.526679115034233e-4,0.14957845300741243,0.001301420245572342,0.11882532676964862,13170,5978,55621,19115
19115,ZCTA5 19115,35346,2810,23312,3092,16,5287,46,4200,0.07949980195778872,0.6595371470604877,0.08747807389803655,4.526679115034233e-4,0.14957845300741243,0.001301420245572342,0.11882532676964862,13170,5978,55621,19115
19120,ZCTA5 19120,74060,22692,4318,38016,84,7403,3,7908,0.3064002160410478,0.05830407777477721,0.5133135295706184,0.0011342155009451795,0.09995949230353768,4.050769646232784e-5,0.10677828787469619,14243,13305,37360,19120
19120,ZCTA5 19120,74060,22692,4318,38016,84,7403,3,7908,0.3064002160410478,0.05830407777477721,0.5133135295706184,0.0011342155009451795,0.09995949230353768,4.050769646232784e-5,0.10677828787469619,14243,13305,37360,19120
19074,ZCTA5 19074,5893,175,5114,69,0,305,0,72,0.02969624978788393,0.8678092652299338,0.011708807059222807,0,0.05175632105888342,0,0.012217885627015103,1571,782,78370,19074
19017,ZCTA5 19017,271,10,212,35,0,9,0,0,0.03690036900369004,0.7822878228782287,0.12915129151291513,0,0.033210332103321034,0,0,87,41,73750,19017
19060,ZCTA5 19060,11319,231,9341,246,0,1278,0,389,0.02040816326530612,0.8252495803516212,0.021733368672144183,0,0.1129075006626027,0,0.03436699355066702,3587,1100,142661,19060
19109,ZCTA5 19109,0,0,0,0,0,0,0,0,NA,NA,NA,NA,NA,NA,NA,0,0,NA,19109
19375,ZCTA5 19375,0,0,0,0,0,0,0,0,NA,NA,NA,NA,NA,NA,NA,0,0,NA,19375
19383,ZCTA5 19383,3122,187,2374,423,0,63,0,31,0.05989750160153748,0.7604099935938501,0.13549007046764894,0,0.020179372197309416,0,0.009929532351057015,0,281,NA,19383
19442,ZCTA5 19442,0,0,0,0,0,0,0,0,NA,NA,NA,NA,NA,NA,NA,0,0,NA,19442
19456,ZCTA5 19456,537,84,345,85,0,23,0,0,0.1564245810055866,0.6424581005586593,0.15828677839851024,0,0.04283054003724395,0,0,134,13,108676,19456
19477,ZCTA5 19477,128,0,117,11,0,0,0,0,0,0.9140625,0.0859375,0,0,0,0,128,0,NA,19477
19317,ZCTA5 19317,9968,297,7689,266,20,1318,0,952,0.02979534510433387,0.771368378812199,0.026685393258426966,0.0020064205457463883,0.132223113964687,0,0.09550561797752809,3518,770,125938,19317
19317,ZCTA5 19317,9968,297,7689,266,20,1318,0,952,0.02979534510433387,0.771368378812199,0.026685393258426966,0.0020064205457463883,0.132223113964687,0,0.09550561797752809,3518,770,125938,19317
19320,ZCTA5 19320,54617,5693,35295,10442,56,865,0,2307,0.10423494516359376,0.6462273651061025,0.19118589450171192,0.0010253217862570261,0.015837559734148708,0,0.042239595730267136,16249,6605,75143,19320
19330,ZCTA5 19330,5351,359,4670,118,20,37,0,141,0.06709026350214913,0.8727340683984302,0.02205195290599888,0.0037376191366099796,0.006914595402728462,0,0.026350214913100356,1923,508,87727,19330
19342,ZCTA5 19342,18843,307,15767,740,0,1674,0,952,0.01629252242211962,0.8367563551451468,0.03927187815103752,0,0.08883935679032001,0,0.05052274054025367,7557,1924,111359,19342
19342,ZCTA5 19342,18843,307,15767,740,0,1674,0,952,0.01629252242211962,0.8367563551451468,0.03927187815103752,0,0.08883935679032001,0,0.05052274054025367,7557,1924,111359,19342
19343,ZCTA5 19343,7810,321,6963,152,0,262,0,225,0.041101152368758005,0.8915492957746479,0.019462227912932138,0,0.03354673495518566,0,0.02880921895006402,2659,587,136920,19343
19348,ZCTA5 19348,23934,4901,16815,983,46,913,0,2914,0.20477145483412718,0.7025570318375532,0.0410712793515501,0.001921952034762263,0.03814656973343361,0,0.12175148324559204,7708,2028,96373,19348
18964,ZCTA5 18964,14092,1225,11282,188,28,1177,0,994,0.08692875390292365,0.8005960828839057,0.013340902639795628,0.0019869429463525404,0.08352256599489072,0,0.07053647459551518,4815,1701,80022,18964
18054,ZCTA5 18054,4653,142,4167,20,0,20,7,14,0.03051794541156243,0.8955512572533849,0.004298302170642596,0,0.004298302170642596,0.0015044057597249087,0.0030088115194498175,1365,552,71196,18054
18932,ZCTA5 18932,511,0,497,0,0,14,0,0,0,0.9726027397260274,0,0,0.0273972602739726,0,0,108,68,NA,18932
19345,ZCTA5 19345,661,49,469,100,0,17,0,8,0.07413010590015129,0.7095310136157338,0.15128593040847202,0,0.025718608169440244,0,0.012102874432677761,198,42,NA,19345
19373,ZCTA5 19373,4823,233,3513,928,0,78,0,87,0.04831018038565208,0.7283848227244454,0.19241136222268299,0,0.016172506738544475,0,0.01803856520837653,923,154,185859,19373
19373,ZCTA5 19373,4823,233,3513,928,0,78,0,87,0.04831018038565208,0.7283848227244454,0.19241136222268299,0,0.016172506738544475,0,0.01803856520837653,923,154,185859,19373
19380,ZCTA5 19380,50956,2744,42220,2190,48,2827,41,2259,0.05385038072062171,0.8285579715833268,0.042978255750058876,9.41989167124578e-4,0.055479236988774626,8.046157469189105e-4,0.044332365177800453,17048,4599,104318,19380
19405,ZCTA5 19405,5250,717,4092,243,0,46,0,410,0.13657142857142857,0.7794285714285715,0.046285714285714284,0,0.008761904761904762,0,0.07809523809523809,955,524,63460,19405
19428,ZCTA5 19428,17222,418,14903,928,20,656,0,467,0.024271280919753804,0.8653466496341888,0.05388456625246777,0.0011613053071652538,0.038090814075020324,0,0.027116478922308673,4354,1576,89830,19428
19428,ZCTA5 19428,17222,418,14903,928,20,656,0,467,0.024271280919753804,0.8653466496341888,0.05388456625246777,0.0011613053071652538,0.038090814075020324,0,0.027116478922308673,4354,1576,89830,19428
19436,ZCTA5 19436,711,0,711,0,0,0,0,0,0,1,0,0,0,0,0,610,209,48047,19436
19475,ZCTA5 19475,11260,291,9961,448,0,323,0,432,0.025843694493783303,0.8846358792184724,0.03978685612788632,0,0.028685612788632325,0,0.03836589698046181,3462,1153,91153,19475
19475,ZCTA5 19475,11260,291,9961,448,0,323,0,432,0.025843694493783303,0.8846358792184724,0.03978685612788632,0,0.028685612788632325,0,0.03836589698046181,3462,1153,91153,19475
19492,ZCTA5 19492,339,0,339,0,0,0,0,0,0,1,0,0,0,0,0,317,170,27179,19492
19008,ZCTA5 19008,20934,239,17823,319,108,1981,0,488,0.011416833858794306,0.851390083118372,0.01523836820483424,0.005159071367153913,0.09463074424381389,0,0.023311359510843604,8010,2372,104886,19008
19027,ZCTA5 19027,20068,894,9601,7365,103,1221,29,907,0.04454853498106438,0.4784233605740482,0.36700219254534583,0.005132549332270281,0.06084313334662149,0.001445086705202312,0.04519633246960335,6557,2516,81098,19027
19027,ZCTA5 19027,20068,894,9601,7365,103,1221,29,907,0.04454853498106438,0.4784233605740482,0.36700219254534583,0.005132549332270281,0.06084313334662149,0.001445086705202312,0.04519633246960335,6557,2516,81098,19027
19029,ZCTA5 19029,4013,20,3775,83,0,49,0,0,0.0049838026414154,0.9406927485671568,0.020682780961873908,0,0.01221031647146773,0,0,1245,742,53871,19029
19029,ZCTA5 19029,4013,20,3775,83,0,49,0,0,0.0049838026414154,0.9406927485671568,0.020682780961873908,0,0.01221031647146773,0,0,1245,742,53871,19029
19031,ZCTA5 19031,4618,135,4171,162,8,77,0,38,0.0292334343871806,0.9032048505846687,0.035080121264616716,0.0017323516673884798,0.01667388479861412,0,0.00822867042009528,1683,414,119688,19031
19031,ZCTA5 19031,4618,135,4171,162,8,77,0,38,0.0292334343871806,0.9032048505846687,0.035080121264616716,0.0017323516673884798,0.01667388479861412,0,0.00822867042009528,1683,414,119688,19031
19050,ZCTA5 19050,27976,910,6553,18621,46,900,0,2024,0.032527881040892194,0.23423648841864456,0.6656062339147841,0.00164426651415499,0.03217043179868459,0,0.07234772662281956,8525,3773,54800,19050
19050,ZCTA5 19050,27976,910,6553,18621,46,900,0,2024,0.032527881040892194,0.23423648841864456,0.6656062339147841,0.00164426651415499,0.03217043179868459,0,0.07234772662281956,8525,3773,54800,19050
19083,ZCTA5 19083,36633,799,32383,1071,0,1524,0,887,0.02181093549531843,0.8839843856631998,0.029235934812873638,0,0.0416018344115961,0,0.02421314115688041,10652,2957,106168,19083
19083,ZCTA5 19083,36633,799,32383,1071,0,1524,0,887,0.02181093549531843,0.8839843856631998,0.029235934812873638,0,0.0416018344115961,0,0.02421314115688041,10652,2957,106168,19083
19085,ZCTA5 19085,8778,368,7176,300,50,517,5,177,0.04192298929141034,0.8174982911825017,0.03417634996582365,0.005696058327637275,0.05889724310776942,5.696058327637275e-4,0.020164046479835954,1999,514,250001,19085
19085,ZCTA5 19085,8778,368,7176,300,50,517,5,177,0.04192298929141034,0.8174982911825017,0.03417634996582365,0.005696058327637275,0.05889724310776942,5.696058327637275e-4,0.020164046479835954,1999,514,250001,19085
19094,ZCTA5 19094,4060,214,3222,577,0,18,0,111,0.05270935960591133,0.7935960591133004,0.14211822660098522,0,0.004433497536945813,0,0.027339901477832513,1315,715,68411,19094
19078,ZCTA5 19078,11562,370,10695,241,0,200,0,146,0.03200138384362567,0.9250129735339907,0.020844144611658882,0,0.01729804532087874,0,0.012627573084241481,3561,1304,80361,19078
19090,ZCTA5 19090,18357,921,12583,2834,38,955,0,593,0.05017159666612191,0.685460587241924,0.15438252437762162,0.0020700550198834234,0.052023751157596554,0,0.03230375333660184,5434,2235,77702,19090
19001,ZCTA5 19001,17139,1037,12404,2566,0,656,0,510,0.060505280354746484,0.7237295058054729,0.14971701966275747,0,0.03827527860435265,0,0.029756695256432698,4731,2005,91456,19001
19004,ZCTA5 19004,9524,238,7677,308,0,963,33,675,0.0249895002099958,0.8060688786224276,0.03233935321293574,0,0.1011129777404452,0.0034649307013859725,0.07087358252834944,3577,782,116475,19004
19004,ZCTA5 19004,9524,238,7677,308,0,963,33,675,0.0249895002099958,0.8060688786224276,0.03233935321293574,0,0.1011129777404452,0.0034649307013859725,0.07087358252834944,3577,782,116475,19004
19009,ZCTA5 19009,840,39,761,8,0,0,0,33,0.04642857142857143,0.905952380952381,0.009523809523809525,0,0,0,0.039285714285714285,256,97,93068,19009
19013,ZCTA5 19013,35134,3990,5861,24005,9,218,0,898,0.11356520749131895,0.166818466442762,0.6832413047190755,2.561621221608698e-4,0.006204815847896624,0,0.025559287300051234,8376,6263,32345,19013
19023,ZCTA5 19023,22088,752,5216,15470,4,233,0,1726,0.034045635639261135,0.2361463237957262,0.7003802969938429,1.8109380659181456e-4,0.010548714233973197,0,0.07814197754436798,4648,3407,53279,19023
19023,ZCTA5 19023,22088,752,5216,15470,4,233,0,1726,0.034045635639261135,0.2361463237957262,0.7003802969938429,1.8109380659181456e-4,0.010548714233973197,0,0.07814197754436798,4648,3407,53279,19023
19032,ZCTA5 19032,6627,701,3357,2308,0,99,29,205,0.10577938735476082,0.5065640561339972,0.3482722197072582,0,0.014938886373924853,0.0043760374226648555,0.030934057642975705,1790,1110,62229,19032
19032,ZCTA5 19032,6627,701,3357,2308,0,99,29,205,0.10577938735476082,0.5065640561339972,0.3482722197072582,0,0.014938886373924853,0.0043760374226648555,0.030934057642975705,1790,1110,62229,19032
19036,ZCTA5 19036,12894,232,10906,1377,0,121,0,287,0.017992864898402357,0.8458197611292074,0.10679385760818985,0,0.00938420970994261,0,0.02225841476655809,3818,1886,57832,19036
19044,ZCTA5 19044,16206,1055,12428,926,2,1680,0,980,0.06509934592126373,0.7668764655066025,0.05713933111193385,1.234110823151919e-4,0.1036653091447612,0,0.060471430334444035,4467,1217,80587,19044
19070,ZCTA5 19070,6924,128,5686,704,0,318,0,123,0.01848642403235124,0.8212016175621029,0.10167533217793183,0,0.04592720970537262,0,0.01776429809358752,2031,654,77340,19070
19072,ZCTA5 19072,9802,441,8029,384,0,572,0,561,0.04499081820036727,0.8191185472352581,0.039175678432972864,0,0.058355437665782495,0,0.05723321771067129,3240,524,120714,19072
19072,ZCTA5 19072,9802,441,8029,384,0,572,0,561,0.04499081820036727,0.8191185472352581,0.039175678432972864,0,0.058355437665782495,0,0.05723321771067129,3240,524,120714,19072
19073,ZCTA5 19073,19763,373,17532,333,0,1120,0,461,0.018873652785508274,0.8871122805242119,0.016849668572585134,0,0.0566715579618479,0,0.023326418053939178,8178,2105,109471,19073
19073,ZCTA5 19073,19763,373,17532,333,0,1120,0,461,0.018873652785508274,0.8871122805242119,0.016849668572585134,0,0.0566715579618479,0,0.023326418053939178,8178,2105,109471,19073
19087,ZCTA5 19087,32765,1642,25739,1301,0,3271,0,2079,0.05011445139630703,0.7855638638791393,0.03970700442545399,0,0.09983213795208301,0,0.06345185411262018,10046,1892,145769,19087
19087,ZCTA5 19087,32765,1642,25739,1301,0,3271,0,2079,0.05011445139630703,0.7855638638791393,0.03970700442545399,0,0.09983213795208301,0,0.06345185411262018,10046,1892,145769,19087
19087,ZCTA5 19087,32765,1642,25739,1301,0,3271,0,2079,0.05011445139630703,0.7855638638791393,0.03970700442545399,0,0.09983213795208301,0,0.06345185411262018,10046,1892,145769,19087
19111,ZCTA5 19111,68113,13316,27815,17591,417,6562,0,8102,0.19549865664410612,0.4083655102550174,0.25826200578450514,0.006122179319659977,0.09633990574486515,0,0.11894939292058784,17687,9604,51051,19111
19111,ZCTA5 19111,68113,13316,27815,17591,417,6562,0,8102,0.19549865664410612,0.4083655102550174,0.25826200578450514,0.006122179319659977,0.09633990574486515,0,0.11894939292058784,17687,9604,51051,19111
19123,ZCTA5 19123,17351,1653,8691,4955,77,1410,0,798,0.09526828424874648,0.5008933202697251,0.28557431848308457,0.004437784565731082,0.08126332776208864,0,0.045991585499394846,3333,2215,78444,19123
19142,ZCTA5 19142,29078,677,1648,23964,261,2247,0,3844,0.02328220647912511,0.05667514959763395,0.8241282068918082,0.00897585803700392,0.07727491574386133,0,0.13219616204690832,5943,4854,33265,19142
19142,ZCTA5 19142,29078,677,1648,23964,261,2247,0,3844,0.02328220647912511,0.05667514959763395,0.8241282068918082,0.00897585803700392,0.07727491574386133,0,0.13219616204690832,5943,4854,33265,19142
19143,ZCTA5 19143,64630,2112,8277,51060,119,1533,106,2177,0.03267832276032802,0.128067460931456,0.7900355871886121,0.0018412501934086337,0.02371963484449946,0.0016401052142967663,0.03368404765588736,15821,11053,34579,19143
19143,ZCTA5 19143,64630,2112,8277,51060,119,1533,106,2177,0.03267832276032802,0.128067460931456,0.7900355871886121,0.0018412501934086337,0.02371963484449946,0.0016401052142967663,0.03368404765588736,15821,11053,34579,19143
19148,ZCTA5 19148,52259,7809,28322,3217,32,11631,13,6588,0.14942880652136475,0.5419544958763084,0.061558774565146676,6.123347174649342e-4,0.22256453433858284,2.4876097897012957e-4,0.12606440995809334,13487,8351,52001,19148
19149,ZCTA5 19149,58055,13415,19489,13501,78,9411,0,10095,0.23107398156920161,0.3356989062096288,0.23255533545775559,0.001343553526828008,0.1621049005253639,0,0.17388683145293257,11954,7977,45253,19149
19151,ZCTA5 19151,33343,733,2302,29574,30,265,0,1460,0.02198362474882284,0.06903997840626218,0.8869627807935698,8.997390756680562e-4,0.007947695168401164,0,0.04378730168251207,8034,4910,49788,19151
19151,ZCTA5 19151,33343,733,2302,29574,30,265,0,1460,0.02198362474882284,0.06903997840626218,0.8869627807935698,8.997390756680562e-4,0.007947695168401164,0,0.04378730168251207,8034,4910,49788,19151
19151,ZCTA5 19151,33343,733,2302,29574,30,265,0,1460,0.02198362474882284,0.06903997840626218,0.8869627807935698,8.997390756680562e-4,0.007947695168401164,0,0.04378730168251207,8034,4910,49788,19151
19406,ZCTA5 19406,25105,824,16683,1534,0,5356,0,3019,0.03282214698267277,0.6645289782911771,0.06110336586337383,0,0.21334395538737302,0,0.12025492929695279,7245,1999,90468,19406
19406,ZCTA5 19406,25105,824,16683,1534,0,5356,0,3019,0.03282214698267277,0.6645289782911771,0.06110336586337383,0,0.21334395538737302,0,0.12025492929695279,7245,1999,90468,19406
19425,ZCTA5 19425,15950,531,12349,153,7,2756,0,1142,0.033291536050156736,0.7742319749216301,0.009592476489028213,4.3887147335423197e-4,0.1727899686520376,0,0.0715987460815047,3342,694,167702,19425
19520,ZCTA5 19520,5716,50,5463,37,0,39,6,7,0.00874737578726382,0.9557382785164451,0.006473058082575227,0,0.00682295311406578,0.0010496850944716584,0.001224632610216935,2350,666,88194,19520
18974,ZCTA5 18974,40543,2484,34494,1164,38,1653,7,1401,0.06126828305749451,0.8508003847766569,0.028710258244333178,9.372764718940384e-4,0.04077152652739067,1.7265619219100707e-4,0.03455590360851442,15863,4998,82046,18974
18936,ZCTA5 18936,0,0,0,0,0,0,0,0,NA,NA,NA,NA,NA,NA,NA,0,0,NA,18936
18969,ZCTA5 18969,15435,939,13350,476,16,532,0,372,0.0608357628765792,0.8649173955296404,0.030839002267573697,0.0010366051182377713,0.034467120181405894,0,0.024101068999028183,4901,1313,79859,18969
18914,ZCTA5 18914,21182,599,18355,396,0,1754,0,654,0.02827872722122557,0.8665376262864697,0.018695118496836936,0,0.08280615617033331,0,0.030875271456897366,5670,1647,110669,18914
18074,ZCTA5 18074,5836,62,5613,17,0,104,0,80,0.010623714873200822,0.9617888965044551,0.0029129540781357094,0,0.01782042494859493,0,0.013708019191226868,1722,469,89323,18074
